id,name,description,risk,category,area,source,docs
audio.disable-beep,System Beep Driver,This affects the old system beep behavior driven by the Beep driver. Most people will never notice it unless they are cleaning up legacy system sounds or debugging old compatibility behavior.,Medium,Audio,Registry,research/records/audio.disable-beep.review.json,Docs/peripheral/peripheral.md
audio.disable-spatial-audio,Disable Spatial Audio,Sets the DisableSpatialOnLowLatency audio policy value to disable spatial audio on the low-latency path.,Advanced,Audio,Registry,app/Services/TweakProviders/AudioTweakProvider.cs#L22,Docs/peripheral/peripheral.md
audio.disable-system-sounds,Disable System Sounds,Clears the default sound events for common system sounds.,Safe,Audio,Registry,app/Services/TweakProviders/AudioTweakProvider.cs#L34,Docs/peripheral/peripheral.md
audio.show-disconnected-devices,Show Disconnected Audio Devices,This makes disconnected audio devices appear in the classic Sound control panel. The evidence only proves the DeviceCpl preference is read by mmsys.cpl and can be toggled reversibly.,Medium,Audio,Registry,research/records/audio.show-disconnected-devices.review.json,Docs/peripheral/peripheral.md
audio.show-hidden-devices,Show Hidden Audio Devices,This makes hidden audio devices appear in the classic Sound control panel. The evidence only proves the DeviceCpl preference is read by mmsys.cpl and can be toggled reversibly.,Medium,Audio,Registry,research/records/audio.show-hidden-devices.review.json,Docs/peripheral/peripheral.md
cleanup.background-history,Clear Wallpaper History,Clears the personalization wallpaper history registry entries and cached background files.,Safe,Cleanup,Cleanup,engine/Tweaks/Commands/Cleanup/ClearBackgroundHistoryTweak.cs#L14,Docs/cleanup/cleanup.md
cleanup.component-store,Cleanup Component Store,Cleans up the Windows component store (WinSxS folder) to free up disk space. This is a safe operation that removes superseded components and reduces the size of the component store.,Safe,Cleanup,Cleanup,engine/Tweaks/Commands/Cleanup/CleanupComponentStoreTweak.cs#L16,Docs/cleanup/cleanup.md
cleanup.delivery-optimization,Clear Delivery Optimization Files,Deletes Delivery Optimization cache used for Windows Update P2P sharing. The DoSvc service will be stopped.,Safe,Cleanup,Cleanup,engine/Tweaks/Commands/Cleanup/ClearDeliveryOptimizationFilesTweak.cs#L14,Docs/cleanup/cleanup.md
cleanup.directx-shader-cache,Clear DirectX Shader Cache,"Clears DirectX and vendor shader caches (NVIDIA, AMD, Intel). Shaders will be recompiled on next app launch.",Safe,Cleanup,Cleanup,engine/Tweaks/Commands/Cleanup/ClearDirectXShaderCacheTweak.cs#L11,Docs/cleanup/cleanup.md
cleanup.disable-reserved-storage,Disable Reserved Storage,"Disables Windows Reserved Storage, which reserves disk space for updates and temporary files.",Advanced,Cleanup,Cleanup,engine/Tweaks/Commands/Cleanup/DisableReservedStorageTweak.cs#L17,Docs/cleanup/cleanup.md
cleanup.eventlog-system,Clear System Event Log,Clears the Windows System event log. WARNING: Logs cannot be recovered after clearing.,Advanced,Cleanup,Cleanup,engine/Tweaks/Commands/Cleanup/ClearEventLogsTweak.cs#L15,Docs/cleanup/cleanup.md
cleanup.font-cache,Clear Font Cache,Clears the Windows font cache. Use this if fonts are not rendering properly. The FontCache service will be stopped and restarted.,Safe,Cleanup,Cleanup,engine/Tweaks/Commands/Cleanup/ClearFontCacheTweak.cs#L14,Docs/cleanup/cleanup.md
cleanup.internet-temp-files,Clear Temporary Internet Files,"Clears legacy WinINet cache (INetCache, INetCookies, WebCache, History). Used by Explorer, old Control Panel, and some installers.",Safe,Cleanup,Cleanup,engine/Tweaks/Commands/Cleanup/ClearTemporaryInternetFilesTweak.cs#L11,Docs/cleanup/cleanup.md
cleanup.memory-dumps,Clear Memory Dump Files,Deletes %WINDIR%\\MEMORY.DMP and files under %WINDIR%\\Minidump.,Safe,Cleanup,Cleanup,engine/Tweaks/Commands/Cleanup/ClearMemoryDumpFilesTweak.cs#L11,Docs/cleanup/cleanup.md
cleanup.prefetch-files,Clear Prefetch Files,Clears Windows prefetch files from %WINDIR%\\Prefetch. Files may be regenerated by Windows over time.,Safe,Cleanup,Cleanup,engine/Tweaks/Commands/Cleanup/ClearPrefetchFilesTweak.cs#L11,Docs/cleanup/cleanup.md
cleanup.product-key,Remove Product Key from Registry,Runs slmgr.vbs /cpky to remove the Windows product key from the registry. Rollback does not restore the key automatically.,Advanced,Cleanup,Cleanup,engine/Tweaks/Commands/Cleanup/RemoveProductKeyTweak.cs#L14,Docs/cleanup/cleanup.md
cleanup.recycle-bin,Empty Recycle Bin,Empties the Recycle Bin for all drives. Files cannot be recovered after deletion.,Safe,Cleanup,Cleanup,engine/Tweaks/Commands/Cleanup/ClearRecycleBinTweak.cs#L14,Docs/cleanup/cleanup.md
cleanup.shadow-copies,Clear Shadow Copies,Removes all shadow copies (volume backups) to free up disk space. WARNING: This permanently removes System Restore points and volume snapshots.,Risky,Cleanup,Cleanup,engine/Tweaks/Commands/Cleanup/ClearShadowCopiesTweak.cs#L14,Docs/cleanup/cleanup.md
cleanup.srum-data,Clear SRUM Database,"Deletes the System Resource Usage Monitor (SRUM) database which tracks app, service, and network usage.",Advanced,Cleanup,Cleanup,engine/Tweaks/Commands/Cleanup/ClearSRUMDataTweak.cs#L11,Docs/cleanup/cleanup.md
cleanup.temp-files,Clear Temporary Files,Deletes temporary files from user and system temp folders. Files in use will be skipped.,Safe,Cleanup,Cleanup,engine/Tweaks/Commands/Cleanup/ClearTemporaryFilesTweak.cs#L11,Docs/cleanup/cleanup.md
cleanup.thumbnail-cache,Clear Thumbnail Cache,Clears Explorer thumbnail cache files. Thumbnails will be regenerated when needed.,Safe,Cleanup,Cleanup,engine/Tweaks/Commands/Cleanup/ClearThumbnailCacheTweak.cs#L11,Docs/cleanup/cleanup.md
cleanup.wer-files,Clear Windows Error Reporting Files,Deletes Windows Error Reporting (WER) crash dumps and report metadata from system and user folders.,Safe,Cleanup,Cleanup,engine/Tweaks/Commands/Cleanup/ClearWERFilesTweak.cs#L11,Docs/cleanup/cleanup.md
cleanup.windows-old,Delete Windows.old Folder,Removes previous Windows installation files from Windows.old. WARNING: You will not be able to roll back to the previous Windows version after deletion.,Risky,Cleanup,Cleanup,engine/Tweaks/Commands/Cleanup/ClearWindowsOldTweak.cs#L10,Docs/cleanup/cleanup.md
cleanup.windows-update-cache,Clear Windows Update Cache,Resets the Windows Update cache directories (SoftwareDistribution and catroot2). Windows Update metadata will be downloaded again.,Advanced,Cleanup,Cleanup,engine/Tweaks/Commands/Cleanup/ClearWindowsUpdateCacheTweak.cs#L11,Docs/cleanup/cleanup.md
developer.docker-performance,Docker Desktop WSL 2 Backend,Docker Desktop can use the WSL 2 backend on Windows. The app writes Docker's documented settings-file field and does not claim a measured performance change.,Medium,Developer,Registry,research/records/developer.docker-performance.review.json,Docs/tweaks/tweaks.md
developer.dotnet-telemetry-disable,.NET CLI Telemetry Opt-Out,The .NET SDK and CLI can send telemetry about tool usage. This tweak sets the current user's opt-out environment variable so new .NET CLI sessions stop sending that telemetry.,Medium,Developer,Registry,research/records/developer.dotnet-telemetry-disable.json,Docs/tweaks/tweaks.md
developer.enable-windows-long-paths,Windows Long Paths,"Windows can remove the old 260-character path limit. That helps many compatible applications, especially developer tools and projects with very deep folder trees.",Medium,Developer,Registry,research/records/developer.enable-windows-long-paths.review.json,Docs/tweaks/tweaks.md
developer.nodejs-performance,Global Node.js Memory Limit Override,"This tweak makes Node.js start with a larger memory limit by default. It can help very large builds or monorepos, but it also makes Node processes use more memory budget.",Medium,Developer,Registry,research/records/developer.nodejs-performance.json,Docs/tweaks/tweaks.md
developer.powershell-execution,PowerShell Script Execution Policy,PowerShell execution policy controls which scripts are allowed to run. RemoteSigned allows local scripts and requires downloaded scripts to be signed.,Medium,Developer,Registry,research/records/developer.powershell-execution.json,Docs/tweaks/tweaks.md
developer.python-path-fix,Enable Windows Long Paths for Python Workflows,"Some Python environments fail on Windows when project folders get very deep. Enabling Windows long paths removes the old 260-character path limit for compatible applications, including Python workflows that rely on the operating system long-path setting.",Medium,Developer,Registry,research/records/developer.python-path-fix.review.json,Docs/tweaks/tweaks.md
developer.ssh-agent-autostart,SSH Agent Auto-start,ssh-agent keeps SSH keys loaded so Git and terminal sessions can use them more easily. Auto-starting it can make developer login sessions more convenient.,Medium,Developer,Registry,research/records/developer.ssh-agent-autostart.review.json,Docs/tweaks/tweaks.md
developer.terminal-dev-mode,Enable Windows Terminal Developer Features,Enables advanced features in Windows Terminal like debug tap and developer mode settings.,Safe,Developer,Registry,app/Services/TweakProviders/DeveloperTweakProvider.cs#L40,Docs/tweaks/tweaks.md
developer.vs-intellisense-cache,VS IntelliSense DisableAutoUpdating Setting,Writes the Visual Studio DisableAutoUpdating IntelliSense value used by this tweak.,Safe,Developer,Registry,app/Services/TweakProviders/DeveloperTweakProvider.cs#L26,Docs/tweaks/tweaks.md
developer.vs-solution-load,VS Solution BackgroundAnalysis Setting,Writes the Visual Studio BackgroundAnalysis solution-loading value used by this tweak.,Safe,Developer,Registry,app/Services/TweakProviders/DeveloperTweakProvider.cs#L70,Docs/tweaks/tweaks.md
developer.vscode-git-autofetch,Disable VS Code Git Autofetch,Disables automatic Git fetching in VS Code to reduce network usage and CPU spikes.,Safe,Developer,Registry,app/Services/TweakProviders/DeveloperTweakProvider.cs#L56,Docs/tweaks/tweaks.md
developer.windows-dev-mode,Windows Developer Mode,"Developer Mode turns on Windows support for building, sideloading, and debugging apps. Most casual users do not need it, but developers often do.",Medium,Developer,Registry,research/records/developer.windows-dev-mode.json,Docs/tweaks/tweaks.md
developer.wsl2-memory,WSL 2 Memory Limit,"WSL 2 can use a lot of RAM. Microsoft documents memory limits in .wslconfig, and this tweak writes that documented setting directly.",Medium,Developer,Registry,research/records/developer.wsl2-memory.json,Docs/tweaks/tweaks.md
explorer.always-show-icons-never-thumbnails,"Always Show Icons, Never Thumbnails",Explorer can show file icons instead of generating thumbnails.,Medium,Explorer,Registry,research/records/explorer.always-show-icons-never-thumbnails.review.json,Docs/visibility/visibility.md
explorer.disable-low-disk-space-warning,Low Disk Space Warning,"Windows can warn you when a drive is running low on space. People sometimes turn these warnings off on lab machines or kiosk-like systems, but most users should keep them on.",Medium,Explorer,Registry,research/records/explorer.disable-low-disk-space-warning.json,Docs/visibility/visibility.md
explorer.disable-taskbar-chat,Taskbar Chat Icon,Windows 11 can show a Chat icon on the taskbar. People often hide it when they do not use Chat or want a cleaner taskbar.,Medium,Explorer,Registry,research/records/explorer.disable-taskbar-chat.json,Docs/visibility/visibility.md
explorer.enable-explorer-compact-mode,Enable Explorer Compact View,"Explorer compact view reduces spacing between items so more files fit on screen. Some users like the denser layout, while others prefer the roomier default view.",Medium,Explorer,Registry,research/records/explorer.enable-explorer-compact-mode.review.json,Docs/visibility/visibility.md
explorer.hide-empty-drives,Hide Empty Drives,Explorer can hide or show drives that do not currently have media present.,Medium,Explorer,Registry,research/records/explorer.hide-empty-drives.review.json,Docs/visibility/visibility.md
explorer.launch-folder-windows-in-a-separate-process,Launch Folder Windows in a Separate Process,Explorer can run folder windows in the same process or split them into separate Explorer processes.,Medium,Explorer,Registry,research/records/explorer.launch-folder-windows-in-a-separate-process.review.json,Docs/visibility/visibility.md
explorer.show-compressed-and-encrypted-files-in-color,Show Compressed and Encrypted Files in Color,File Explorer can color compressed and encrypted NTFS items so they stand out visually.,Medium,Explorer,Registry,research/records/explorer.show-compressed-and-encrypted-files-in-color.review.json,Docs/visibility/visibility.md
explorer.show-drive-letters-first,Show Drive Letters First,"Explorer can show drive letters ahead of the drive name, or leave that presentation disabled.",Medium,Explorer,Registry,research/records/explorer.show-drive-letters-first.review.json,Docs/visibility/visibility.md
explorer.show-file-extensions,Show File Extensions,"File Explorer can hide or show file extensions like .txt, .zip, or .exe. Many advanced users prefer to always see them.",Medium,Explorer,Registry,research/records/explorer.show-file-extensions.review.json,Docs/visibility/visibility.md
explorer.show-full-path,Show Full Path in Explorer,Explorer can show the full folder path instead of a shorter title. Some advanced users prefer that when they navigate deep directories.,Medium,Explorer,Registry,research/records/explorer.show-full-path.review.json,Docs/visibility/visibility.md
explorer.show-hidden-files,Show Hidden Files and Folders,File Explorer can show or hide files and folders marked with the hidden attribute. Power users often enable this to inspect more of the filesystem.,Medium,Explorer,Registry,research/records/explorer.show-hidden-files.review.json,Docs/visibility/visibility.md
explorer.show-info-tips,Show Explorer Info Tips,File Explorer can show or suppress pop-up descriptions for folder and desktop items when you hover them.,Medium,Explorer,Registry,research/records/explorer.show-info-tips.review.json,Docs/visibility/visibility.md
explorer.show-protected-operating-system-files,Show Protected Operating System Files,"File Explorer can hide or reveal protected operating system files. Most people should leave them hidden, but advanced troubleshooting sometimes requires seeing them.",Medium,Explorer,Registry,research/records/explorer.show-protected-operating-system-files.review.json,Docs/visibility/visibility.md
explorer.show-recent-items,Show Recent Items In Home,Explorer Home can show or hide recently used files.,Medium,Explorer,Registry,research/records/explorer.show-recent-items.review.json,Docs/visibility/visibility.md
explorer.show-status-bar,Show Status Bar,Explorer can show or hide its status bar at the bottom of the window.,Medium,Explorer,Registry,research/records/explorer.show-status-bar.review.json,Docs/visibility/visibility.md
explorer.show-type-overlay,Display File Icons On Thumbnails,Explorer can show or hide file icons on top of thumbnails.,Medium,Explorer,Registry,research/records/explorer.show-type-overlay.review.json,Docs/visibility/visibility.md
explorer.taskbar-alignment-left,Taskbar Alignment,Windows 11 can keep the taskbar icons centered or move them to the left. Some people prefer the older left-aligned layout.,Medium,Explorer,Registry,research/records/explorer.taskbar-alignment-left.review.json,Docs/visibility/visibility.md
misc.disable-edge-features,Disable Microsoft Edge Features,"Disables telemetry, personalization, sync, sidebar, shopping, rewards, and various other Edge features. Also disables Windows 8/8.1 EdgeUI features.",Advanced,Misc,Registry,engine/Tweaks/Misc/DisableEdgeFeaturesTweaks.cs#L88,Docs/misc/misc.md
misc.disable-office-telemetry,Disable Microsoft Office Telemetry,"Disables Office telemetry logging, data collection, CEIP opt-in, feedback collection, and telemetry agent tasks for all Office applications.",Safe,Misc,Registry,engine/Tweaks/Misc/DisableOfficeTelemetryTweak.cs#L51,Docs/misc/misc.md
misc.disable-onedrive,Disable OneDrive,"Writes OneDrive policy and Explorer values that disable default-save and sync features, set PreventNetworkTrafficPreUserSignIn, and unpin OneDrive from File Explorer.",Advanced,Misc,Registry,engine/Tweaks/Misc/DisableOneDriveTweaks.cs#L36,Docs/misc/misc.md
misc.disable-visual-studio-telemetry,Disable Visual Studio Telemetry,"Disables Visual Studio telemetry, SQM data collection, IntelliCode remote analysis, and feedback features for VS 2015-2022.",Safe,Misc,Registry,engine/Tweaks/Misc/DisableVisualStudioTelemetryTweak.cs#L37,Docs/misc/misc.md
misc.optimize-7zip-settings,Configure 7-Zip Context Menu Settings,"Sets the 7-Zip context-menu values for CascadedMenu, ElimDupExtract, MenuIcons, and WriteZoneIdExtract.",Safe,Misc,Registry,engine/Tweaks/Misc/SevenZipSettingsTweak.cs#L54,Docs/misc/misc.md
network.disable-active-probing,NCSI Active Probing Policy,Windows checks internet connectivity by making active test requests. Turning those tests off can change how Windows decides whether a network has internet access.,Medium,Network,Registry,research/records/network.disable-active-probing.review.json,Docs/network/network.md
network.disable-default-shares,Automatic Administrative Shares,Windows automatically creates hidden administrative shares such as C$ and ADMIN$. This setting decides whether those built-in shares are created automatically.,Medium,Network,Registry,research/records/network.disable-default-shares.json,Docs/network/network.md
network.disable-ipv6,IPv6 Stack Disable Override,IPv6 is the newer network protocol stack that Windows expects to have available. Turning it off can break some network features even if a home network mostly feels like IPv4.,Medium,Network,Registry,research/records/network.disable-ipv6.json,Docs/network/network.md
network.disable-llmnr,Link-Local Multicast Name Resolution (LLMNR),"LLMNR lets Windows ask nearby devices for names on the local subnet when normal DNS does not help. Modern networks often disable it, but it can still help in some small or legacy local networks.",Medium,Network,Registry,research/records/network.disable-llmnr.json,Docs/network/network.md
network.disable-lltd,Set LLTD Policies to Default Behavior,LLTD is part of the older Windows network discovery stack. This tweak disables the explicit LLTD mapper and responder policies so Windows falls back to the documented default LLTD behavior.,Medium,Network,Registry,research/records/network.disable-lltd.review.json,Docs/network/network.md
network.disable-mdns,Set mDNS Policy to Local Settings,mDNS is a local-network name resolution protocol used by some discovery and service-advertising workflows. This policy setting disables the explicit mDNS policy so Windows falls back to its locally configured mDNS behavior.,Medium,Network,Registry,research/records/network.disable-mdns.review.json,Docs/network/network.md
network.disable-netbios,Disable NetBIOS over TCP/IP,Disables NetBIOS over TCP/IP on all IP-enabled adapters using the documented per-interface Windows control surface.,Advanced,Network,Command,engine/Tweaks/Commands/Network/DisableNetbiosOverTcpIpTweak.cs#L22,Docs/network/network.md
network.disable-netbios-resolution,DNS Client NetBIOS Name Resolution,"Windows can use NetBIOS-style name resolution through the DNS client policy layer. This policy lets you fully disable it, allow it, or choose more limited modes.",Medium,Network,Registry,research/records/network.disable-netbios-resolution.json,Docs/network/network.md
network.disable-plaintext-smb-passwords,Plaintext SMB Passwords,This setting decides whether Windows is willing to send an unencrypted password to certain old SMB servers. Modern systems should almost never need that behavior.,Medium,Network,Registry,research/records/network.disable-plaintext-smb-passwords.json,Docs/network/network.md
network.disable-smart-name-resolution,Smart Multi-Homed Name Resolution,"When a PC has multiple network paths, Windows can try name lookups more aggressively across them. This policy decides whether that smart multi-homed behavior stays on.",Medium,Network,Registry,research/records/network.disable-smart-name-resolution.json,Docs/network/network.md
network.disable-smb1,SMBv1 Server Protocol Support,"SMB is the file-sharing protocol Windows uses for network shares. SMBv1 is the old version. Modern systems should avoid it, but some very old devices still need it.",Medium,Network,Registry,research/records/network.disable-smb1.json,Docs/network/network.md
network.disable-smb2,SMBv2 and SMBv3 Server Protocol Support,SMBv2 and SMBv3 are the modern Windows file-sharing protocols. Turning them off forces the machine away from the normal modern SMB stack.,Medium,Network,Registry,research/records/network.disable-smb2.json,Docs/network/network.md
network.disable-wifi-sense,Wi-Fi Sense Suggested Hotspot Policy,"This controls whether Windows can automatically connect to suggested open hotspots, contact-shared networks, and some paid hotspot discovery flows.",Medium,Network,Registry,research/records/network.disable-wifi-sense.json,Docs/network/network.md
network.enable-lltd-responder,LLTD Responder Driver Policy,The LLTD Responder lets other PCs discover this device on the local network during Windows network mapping and related discovery tasks.,Medium,Network,Registry,research/records/network.enable-lltd-responder.json,Docs/network/network.md
network.enable-lltdio,LLTD Mapper I/O Driver Policy,LLTD helps Windows map and discover devices on a local network. The Mapper I/O side lets the PC ask the network about its topology.,Medium,Network,Registry,research/records/network.enable-lltdio.json,Docs/network/network.md
network.flush-dns-cache,Flush DNS Cache,Clears the DNS resolver cache. This is a one-time operation and has no rollback state.,Safe,Network,Command,engine/Tweaks/Commands/Network/FlushDnsCacheTweak.cs#L13,Docs/network/network.md
network.optimize-smb,Configure SMB Workstation Parameters,Writes the SMB workstation bandwidth-throttling and cache-lifetime values used by this tweak.,Safe,Network,Registry,app/Services/TweakProviders/NetworkTweakProvider.cs#L20,Docs/network/network.md
network.prefer-ipv4,IPv4 Preference Override,This keeps IPv6 available but tells Windows to prefer IPv4 when both protocols can work.,Medium,Network,Registry,research/records/network.prefer-ipv4.json,Docs/network/network.md
network.require-ntlm-ssp-client-session-security,Require NTLM SSP Client Session Security and 128-bit Encryption,This setting raises the minimum session security requirements for NTLM SSP based clients. In the app's enabled state it requires both NTLMv2 session security and 128-bit encryption.,Medium,Network,Registry,research/records/network.require-ntlm-ssp-client-session-security.review.json,Docs/network/network.md
network.reset-winsock,Reset Winsock Catalog,Resets the Winsock catalog to default settings. Requires a system restart to fully apply.,Advanced,Network,Command,engine/Tweaks/Commands/Network/ResetNetworkStackTweak.cs#L13,Docs/network/network.md
network.smb-disable-leasing,SMB: Disable Leasing,Disables SMB server leasing using the documented SMB server configuration surface.,Advanced,Network,Command,engine/Tweaks/Commands/Network/DisableSmbLeasingTweak.cs#L18,Docs/network/network.md
network.smb-enable-large-mtu,SMB Client Large MTU,Large MTU lets SMB send larger requests over the network. On modern Windows networks this usually helps file-copy and share performance.,Medium,Network,Registry,research/records/network.smb-enable-large-mtu.json,Docs/network/network.md
network.smb-enable-multichannel,SMB: Enable Multichannel,Enables SMB Multichannel on the documented SMB client and SMB server configuration surfaces.,Advanced,Network,Command,engine/Tweaks/Commands/Network/EnableSmbMultichannelTweak.cs#L19,Docs/network/network.md
network.smb-enable-quic,SMB over QUIC,SMB over QUIC lets Windows use SMB through QUIC instead of normal TCP in supported scenarios. It is a newer transport option and not a normal baseline tweak for most people.,Medium,Network,Registry,research/records/network.smb-enable-quic.review.json,Docs/network/network.md
network.smb-encrypt-data,SMB Server Encryption Requirement,SMB encryption protects file-sharing traffic so other systems on the network cannot easily read it in transit. Turning this on at the server level makes the machine stricter about how its shared data is accessed.,Medium,Network,Registry,research/records/network.smb-encrypt-data.json,Docs/network/network.md
network.smb-increase-client-metadata-cache,SMB Client Metadata Cache Size Bundle,These values control how much SMB client metadata Windows caches and how many outstanding SMB requests it allows.,Medium,Network,Registry,research/records/network.smb-increase-client-metadata-cache.json,Docs/network/network.md
network.smb-reject-unencrypted-access,SMB Server Reject Unencrypted Access,This setting makes the SMB server reject clients that try to access shares without encryption. It is stricter than simply preferring safer behavior because noncompliant clients are actively refused.,Medium,Network,Registry,research/records/network.smb-reject-unencrypted-access.json,Docs/network/network.md
network.smb-require-dialect-3_1_1,Require SMB Dialect 3.1.1,This setting forces both SMB client and SMB server components to use only SMB 3.1.1. It is a strict compatibility boundary and can quickly block older devices or software that do not support that dialect.,Medium,Network,Registry,research/records/network.smb-require-dialect-3_1_1.review.json,Docs/network/network.md
network.smb-require-signing-client,SMB Client Signing Requirement,SMB signing helps Windows verify that network file-sharing traffic was not altered in transit. Requiring it makes the SMB client stricter when talking to servers.,Medium,Network,Registry,research/records/network.smb-require-signing-client.json,Docs/network/network.md
network.smb-require-signing-server,SMB Server Signing Requirement,SMB signing helps Windows verify that file-sharing traffic was not tampered with. Requiring it on the server side makes the machine stricter about inbound SMB connections.,Medium,Network,Registry,research/records/network.smb-require-signing-server.json,Docs/network/network.md
network.smb-set-cipher-suite-order,SMB Cipher Suite Order,This setting controls which SMB encryption cipher suites are preferred and in what order. It matters mostly for advanced SMB hardening or specific compliance requirements.,Medium,Network,Registry,research/records/network.smb-set-cipher-suite-order.review.json,Docs/network/network.md
notifications.disable-feedback-frequency,Windows Feedback Request Frequency,Windows can occasionally ask for feedback. This tweak sets a user preference intended to reduce or stop those requests.,Medium,Notifications,Registry,research/records/notifications.disable-feedback-frequency.review.json,Docs/notifications/notifications.md
notifications.disable-lock-screen,Lock Screen Toast Notifications,Windows can show some app notifications directly on the lock screen. This policy decides whether apps can raise those lock-screen toast alerts for the current user.,Medium,Notifications,Registry,research/records/notifications.disable-lock-screen.json,Docs/notifications/notifications.md
notifications.disable-mirroring,Notification Mirroring,Windows can mirror some notifications to other devices. This policy decides whether that cross-device mirroring is allowed for the current user.,Medium,Notifications,Registry,research/records/notifications.disable-mirroring.json,Docs/notifications/notifications.md
notifications.disable-tile,Tile Notifications,Tile notifications are the live updates and badges some Windows tiles can show. This policy decides whether those tile updates are allowed for the current user.,Medium,Notifications,Registry,research/records/notifications.disable-tile.json,Docs/notifications/notifications.md
notifications.disable-toast,Toast Notifications,Toast notifications are the pop-up alerts apps show in Windows. This policy decides whether apps can raise those pop-ups for the current user.,Medium,Notifications,Registry,research/records/notifications.disable-toast.json,Docs/notifications/notifications.md
performance.disable-animations,Disable Window Animations,"Windows can animate windows when they open, close, minimize, or restore. Turning that off reduces motion and makes transitions appear more immediate.",Medium,Performance,Registry,research/records/performance.disable-animations.review.json,Docs/performance/performance.md
performance.disable-menu-show-delay,Remove Menu Show Delay,Windows can wait a short moment before showing some menus. Setting the delay lower makes menus appear sooner after the pointer reaches them.,Medium,Performance,Registry,research/records/performance.disable-menu-show-delay.review.json,Docs/performance/performance.md
performance.disable-taskbar-animations,Taskbar Animations,This controls whether Windows animates taskbar transitions. People turn it off when they want a less animated desktop.,Medium,Performance,Registry,research/records/performance.disable-taskbar-animations.review.json,Docs/performance/performance.md
peripheral.audio-disable-ducking,Disable Audio Ducking,Disables Windows automatic volume adjustment when making calls or using communication apps. Equivalent to 'Do nothing' in Sound settings.,Safe,Peripheral,Registry,engine/Tweaks/Peripheral/AudioTweaks.cs#L24,Docs/peripheral/peripheral.md
peripheral.autoplay-take-no-action,AutoPlay Event Default Action,Windows can remember what to do when a device or media arrives. This tweak tries to change those remembered choices so common AutoPlay events take no action.,Medium,Peripheral,Registry,research/records/peripheral.autoplay-take-no-action.review.json,Docs/peripheral/peripheral.md
peripheral.disable-autoplay,Disable AutoPlay,"AutoPlay decides what Windows does when media or devices are connected. Turning it off stops Windows from automatically offering or launching actions when drives, cameras, or phones appear.",Medium,Peripheral,Registry,research/records/peripheral.disable-autoplay.review.json,Docs/peripheral/peripheral.md
peripheral.disable-sticky-keys-prompt,Disable Sticky Keys Prompt,Sticky Keys can show a prompt when Shift is pressed repeatedly. Some users turn that off to avoid accidental popups while gaming or typing quickly.,Medium,Peripheral,Registry,research/records/peripheral.disable-sticky-keys-prompt.review.json,Docs/peripheral/peripheral.md
peripheral.keyboard-disable-language-hotkey,Disable Language Switch Hotkey,Disables the Ctrl+Shift and Alt+Shift language-switch hotkeys.,Safe,Peripheral,Registry,engine/Tweaks/Peripheral/KeyboardTweaks.cs#L52,Docs/peripheral/peripheral.md
peripheral.keyboard-optimize-repeat,Set Keyboard Repeat and Cursor Blink Values,"Sets keyboard repeat delay to 0, repeat speed to 31, and cursor blink interval to 900 ms.",Safe,Peripheral,Registry,engine/Tweaks/Peripheral/KeyboardTweaks.cs#L27,Docs/peripheral/peripheral.md
peripheral.mouse-disable-acceleration,Disable Enhanced Pointer Precision (Mouse Acceleration),Disables Enhanced Pointer Precision by setting mouse speed and threshold values to their non-accelerated configuration.,Safe,Peripheral,Registry,engine/Tweaks/Peripheral/MouseTweaks.cs#L55,Docs/peripheral/peripheral.md
peripheral.mouse-disable-throttle,Disable Mouse Throttling for Background Windows,Disables raw mouse input throttling for background windows and sets the associated throttle duration and leeway values.,Safe,Peripheral,Registry,engine/Tweaks/Peripheral/MouseTweaks.cs#L27,Docs/peripheral/peripheral.md
policy.system.enable-virtualization,Enable Virtualization,Enable Virtualization controls legacy UAC file and registry virtualization under the Policies\System branch.,Medium,Policy,Registry,research/records/policy.system.enable-virtualization.json,Docs/tweaks/tweaks.md
power.control.allow-audio-to-enable-execution-required-power-requests,Allow Audio To Enable Execution Required Power Requests,"This appears to be a kernel-adjacent Control Power setting tied to whether active audio can enable execution-required power requests. It is being tracked as a research candidate, not a user-facing tweak.",Medium,Power,Registry,research/records/power.control.allow-audio-to-enable-execution-required-power-requests.json,Docs/power/power.md
power.control.allow-system-required-power-requests,Allow System Required Power Requests,"This appears to be a kernel-adjacent Control Power setting tied to how the power manager treats system-required power requests. It is being tracked as a research candidate, not a user-facing tweak.",Medium,Power,Registry,research/records/power.control.allow-system-required-power-requests.json,Docs/power/power.md
power.control.class1-initial-unpark-count,Class1 Initial Unpark Count,Class1 Initial Unpark Count is a low-level power-manager registry value under the main Power key.,Medium,Power,Registry,research/records/power.control.class1-initial-unpark-count.json,Docs/power/power.md
power.control.hiber-file-size-percent,Hiber File Size Percent,Hiber File Size Percent is a low-level power-manager value under the main Power key that appears to relate to hibernation file sizing behavior.,Medium,Power,Registry,research/records/power.control.hiber-file-size-percent.json,Docs/power/power.md
power.control.lid-reliability-state,Lid Reliability State,Lid Reliability State is a low-level power-manager registry value under the main Power key.,Medium,Power,Registry,research/records/power.control.lid-reliability-state.json,Docs/power/power.md
power.control.mf-buffering-threshold,MF Buffering Threshold,MF Buffering Threshold is a low-level power-manager registry value under the main Power key.,Medium,Power,Registry,research/records/power.control.mf-buffering-threshold.json,Docs/power/power.md
power.control.perf-calculate-actual-utilization,Perf Calculate Actual Utilization,Perf Calculate Actual Utilization is a low-level power-manager registry value under the main Power key.,Medium,Power,Registry,research/records/power.control.perf-calculate-actual-utilization.json,Docs/power/power.md
power.control.power-request-override-subtree,Power Request Override Subtree,This is a low-level Control\Power subtree that appears to back override handling for power requests.,Medium,Power,Registry,research/records/power.control.power-request-override-subtree.json,Docs/power/power.md
power.control.timer-rebase-threshold-on-drips-exit,Timer Rebase Threshold On Drips Exit,Timer Rebase Threshold On Drips Exit is a low-level power-manager registry value under the main Power key.,Medium,Power,Registry,research/records/power.control.timer-rebase-threshold-on-drips-exit.json,Docs/power/power.md
power.disable-cpu-idle-states,Disable CPU Idle States (C-States),Writes the idle-state-related Control\\Power registry values used by this tweak. This changes power behavior and can increase power draw.,Advanced,Power,Registry,engine/Tweaks/Power/CPUPowerTweaks.cs#L56,Docs/power/power.md
power.disable-cpu-parking,Disable CPU Core Parking,"Writes the core-parking-related Control\\Power registry values used by this tweak, including LatencyToleranceParked, LatencyToleranceSoftParked, Class1InitialUnparkCount, and MultiparkGranularity.",Safe,Power,Registry,engine/Tweaks/Power/CPUPowerTweaks.cs#L29,Docs/power/power.md
power.disable-fast-startup,Disable Fast Startup (Hiberboot),Disables Fast Startup so shutdown uses a full kernel teardown instead of reusing the hibernated kernel session on next boot.,Safe,Power,Registry,engine/Tweaks/Power/PowerSettingsTweaks.cs#L20,Docs/power/power.md
power.disable-hibernation,Disable Hibernation,Runs powercfg /hibernate off. This disables hibernation and removes hiberfil.sys.,Safe,Power,Command,engine/Tweaks/Commands/Power/DisableHibernationTweak.cs#L15,Docs/power/power.md
power.disable-network-power-saving.policy,Network Power and Multimedia Responsiveness,Writes the documented DisableTaskOffload and MMCSS SystemResponsiveness values while excluding the archived opaque NetworkThrottlingIndex write.,Safe,Power,Registry,app/Services/TweakProviders/PowerTweakProvider.cs#L42,Docs/power/power.md
power.disable-power-throttling,Disable Power Throttling,Disables Windows Power Throttling so background processes are not deprioritized by that policy surface.,Safe,Power,Registry,engine/Tweaks/Power/PowerSettingsTweaks.cs#L40,Docs/power/power.md
power.disable-superfetch,Disable Superfetch (SysMain),Disables the SysMain service that preloads frequently used applications and maintains usage heuristics.,Safe,Power,Command,engine/Tweaks/Commands/Performance/DisableSuperfetchTweak.cs#L14,Docs/power/power.md
power.disable-windows-search,Disable Windows Search,Disables the Windows Search indexing service. This reduces indexing activity but also slows file-search freshness and query coverage.,Advanced,Power,Command,engine/Tweaks/Commands/Performance/DisableWindowsSearchTweak.cs#L13,Docs/power/power.md
power.hide-hibernate-option,Show Hibernate Option,Windows can show or hide Hibernate in the power menu. This policy decides whether that shortcut is visible.,Medium,Power,Registry,research/records/power.hide-hibernate-option.json,Docs/power/power.md
power.hide-lock-option,Show Lock Option,Windows can show or hide the Lock action in the user tile menu. This policy decides whether that shortcut is visible.,Medium,Power,Registry,research/records/power.hide-lock-option.json,Docs/power/power.md
power.hide-sleep-option,Show Sleep Option,Windows can show or hide Sleep in the power menu. This policy decides whether that shortcut is visible.,Medium,Power,Registry,research/records/power.hide-sleep-option.json,Docs/power/power.md
power.optimize-cpu-boost,Apply Processor Performance Registry Bundle,"Writes the PerfBoostAtGuaranteed, HighPerfDurationBoot, LatencyToleranceDefault, and PerfCalculateActualUtilization values under Control\\Power.",Safe,Power,Registry,engine/Tweaks/Power/CPUPowerTweaks.cs#L86,Docs/power/power.md
power.optimize-gaming-network,Set MMCSS Games Task Profile,"Writes the MMCSS Games task-profile values for priority, scheduling category, SFIO priority, GPU priority, and affinity.",Safe,Power,Registry,engine/Tweaks/Power/NetworkAdapterPowerTweaks.cs#L50,Docs/power/power.md
power.optimize-performance,Apply Grouped Power-Control Registry Bundle,"Writes the grouped power-control registry values used by this tweak for timer coalescing, deep I/O coalescing, event processing, parked-core tolerance, and energy estimation.",Advanced,Power,Registry,app/Services/TweakProviders/PowerTweakProvider.cs#L24,Docs/power/power.md
power.session-watchdog-timeouts,Session Manager Watchdog Timeouts,These values appear to control watchdog timeout behavior around directed power transitions. They are not normal user-facing power options and are being tracked as a low-level research lane rather than a supported tweak.,Medium,Power,Registry,research/records/power.session-watchdog-timeouts.json,Docs/power/power.md
privacy.block-microsoft-accounts,Microsoft Accounts on This Device,"Windows can let people add Microsoft accounts or sign in with them on the device. This security option controls whether Microsoft accounts are allowed, partly blocked, or fully blocked.",Medium,Privacy,Registry,research/records/privacy.block-microsoft-accounts.json,Docs/privacy/privacy-verified.md
privacy.deny-app-access,Deny App Access (Except Microphone),Forces Windows apps to be denied access to sensitive capabilities.,Risky,Privacy,Registry,app/Services/TweakProviders/PrivacyTweakProvider.cs#L162,Docs/privacy/privacy-verified.md
privacy.deny-app-access.policy,App capability access policies,"These policies stop Windows apps from accessing sensitive capabilities like camera, contacts, location, and background activity.",Medium,Privacy,Registry,research/records/privacy.deny-app-access.policy.review.json,Docs/privacy/privacy-verified.md
privacy.disable-activity-history,Windows Activity History,"Windows can keep track of what you did on the device and can upload some of that activity so it can appear across devices. These policy values decide whether that activity feed can exist, be published, and be uploaded.",Medium,Privacy,Registry,research/records/privacy.disable-activity-history.json,Docs/privacy/privacy-verified.md
privacy.disable-advertising-id,Disable Advertising ID,Windows uses an advertising ID so apps can personalize experiences across apps. Turning it off stops apps from using that ID for cross-app personalization.,Medium,Privacy,Registry,research/records/privacy.disable-advertising-id.json,Docs/privacy/privacy-verified.md
privacy.disable-app-diagnostics,App Diagnostic Information Access,"Some Windows apps can request diagnostic information about other apps. This policy decides whether apps are user-controlled, always allowed, or always denied.",Medium,Privacy,Registry,research/records/privacy.disable-app-diagnostics.json,Docs/privacy/privacy-verified.md
privacy.disable-app-launch-tracking,App Launch Tracking,Windows can track which apps you launch so Start and Search can personalize some results. People turn it off when they want less app-usage tracking.,Medium,Privacy,Registry,research/records/privacy.disable-app-launch-tracking.review.json,Docs/privacy/privacy-verified.md
privacy.disable-app-suggestions,App Suggestions in Start,Windows can suggest promoted apps and related content in places like the Start menu. People often turn this off when they want a cleaner Start experience.,Medium,Privacy,Registry,research/records/privacy.disable-app-suggestions.review.json,Docs/privacy/privacy-verified.md
privacy.disable-appcompat-engine.policy,Disable Application Compatibility Engine and SwitchBack,Windows includes an Application Compatibility Engine that checks a database every time an app starts and may apply compatibility fixes. SwitchBack allows apps that detect Windows Vista or later to also receive fixes designed for older OS versions. These two policies let you disable both behaviors.,Medium,Privacy,Registry,research/records/privacy.disable-appcompat-engine.policy.review.json,Docs/privacy/privacy-verified.md
privacy.disable-appdeviceinventory.policy,Disable App Device Inventory Policies,"Windows 11 24H2 added policies that track which APIs applications use, record install events, capture application footprints, and back up Win32 app data. These four policies let you turn those collection behaviors off.",Medium,Privacy,Registry,research/records/privacy.disable-appdeviceinventory.policy.review.json,Docs/privacy/privacy-verified.md
privacy.disable-application-compatibility,Disable Application Compatibility,"Turns off Windows application compatibility components, telemetry, and related tasks.",Risky,Privacy,Composite,app/Services/TweakProviders/PrivacyTweakProvider.cs#L47,Docs/privacy/privacy-verified.md
privacy.disable-application-telemetry,Application Compatibility Telemetry,Windows can collect anonymous telemetry about how applications use certain system components so compatibility systems can learn from it. This policy decides whether that telemetry engine runs.,Medium,Privacy,Registry,research/records/privacy.disable-application-telemetry.json,Docs/privacy/privacy-verified.md
privacy.disable-background-apps,Background App Execution,"Windows apps can keep running in the background to sync, refresh notifications, or finish work. This policy decides whether users control that, all apps are allowed, or all apps are denied.",Medium,Privacy,Registry,research/records/privacy.disable-background-apps.json,Docs/privacy/privacy-verified.md
privacy.disable-biometrics,Windows Biometrics,"Windows can use fingerprint, face, or other biometric features for sign-in and related capabilities. This device policy controls whether biometrics are allowed at all.",Medium,Privacy,Registry,research/records/privacy.disable-biometrics.json,Docs/privacy/privacy-verified.md
privacy.disable-biometrics-domain-logon,Biometric Sign-in for Domain Accounts,Windows can let domain users sign in with biometrics when the device and domain setup support it. This policy controls whether domain accounts are allowed to use that biometric sign-in path.,Medium,Privacy,Registry,research/records/privacy.disable-biometrics-domain-logon.json,Docs/privacy/privacy-verified.md
privacy.disable-biometrics-logon,Biometric Sign-in,Windows can let users sign in with biometrics like fingerprint or face through the credential provider. This policy controls whether that sign-in path is available.,Medium,Privacy,Registry,research/records/privacy.disable-biometrics-logon.json,Docs/privacy/privacy-verified.md
privacy.disable-camera,Camera Device Use,Windows can allow or block the use of camera devices on the machine. This policy decides whether cameras are usable at all.,Medium,Privacy,Registry,research/records/privacy.disable-camera.json,Docs/privacy/privacy-verified.md
privacy.disable-ceip,Disable CEIP,Opts out of Customer Experience Improvement Program data collection.,Advanced,Privacy,Registry,app/Services/TweakProviders/PrivacyTweakProvider.cs#L89,Docs/privacy/privacy-verified.md
privacy.disable-cli-telemetry,PowerShell and .NET CLI Telemetry Opt-Out,PowerShell and the .NET CLI can send telemetry about tool usage. This tweak sets the current user's opt-out environment variables so new shells and CLI sessions stop sending that telemetry.,Medium,Privacy,Registry,research/records/privacy.disable-cli-telemetry.json,Docs/privacy/privacy-verified.md
privacy.disable-consumer-account-content,Cloud Consumer Account State Content,Some Windows experiences can use cloud-backed consumer account state content. This policy decides whether those experiences may use that content or must fall back to default content instead.,Medium,Privacy,Registry,research/records/privacy.disable-consumer-account-content.json,Docs/privacy/privacy-verified.md
privacy.disable-copilot,Windows Copilot,Windows Copilot is the built-in AI assistant experience in Windows. This policy decides whether that experience is available to the signed-in user.,Medium,Privacy,Registry,research/records/privacy.disable-copilot.json,Docs/privacy/privacy-verified.md
privacy.disable-cross-device-experiences,Cross-Device Sharing,"Choose whether nearby Windows experiences stay off, work only with your devices, or are available to everyone nearby.",Advanced,Privacy,Registry,app/Services/TweakProviders/PrivacyTweakProvider.cs#L222,Docs/privacy/privacy-verified.md
privacy.disable-cross-device-experiences.policy,Cross-Device Experiences Machine Policy,Windows can let devices belonging to the same user discover each other and continue some experiences across devices. This policy controls the official machine-level part of that feature.,Medium,Privacy,Registry,research/records/privacy.disable-cross-device-experiences.policy.review.json,Docs/privacy/privacy-verified.md
privacy.disable-device-name-telemetry,Device Name in Diagnostic Data,Windows diagnostic data can include the computer name. This policy decides whether that name is allowed to be sent with diagnostic data.,Medium,Privacy,Registry,research/records/privacy.disable-device-name-telemetry.json,Docs/privacy/privacy-verified.md
privacy.disable-diagnostic-data-delete,Diagnostic Data Deletion,Windows can offer a Settings action that deletes diagnostic data associated with the device. This policy decides whether that delete option is available.,Medium,Privacy,Registry,research/records/privacy.disable-diagnostic-data-delete.json,Docs/privacy/privacy-verified.md
privacy.disable-diagnostic-data-viewer,Diagnostic Data Viewer,Windows includes a viewer that can show diagnostic data categories on the device. This policy decides whether that viewer is available.,Medium,Privacy,Registry,research/records/privacy.disable-diagnostic-data-viewer.json,Docs/privacy/privacy-verified.md
privacy.disable-edge-search-suggestions,Edge Address Bar Suggestions,"Microsoft Edge can show web suggestions, local history and favorites suggestions, and legacy address-bar search suggestions as you type. This bundle turns those suggestion sources off.",Medium,Privacy,Registry,research/records/privacy.disable-edge-search-suggestions.json,Docs/privacy/privacy-verified.md
privacy.disable-f1-help,Disable F1 Help,Disables F1 help by renaming HelpPane.exe.,Advanced,Privacy,File,app/Services/TweakProviders/PrivacyTweakProvider.cs#L308,Docs/privacy/privacy-verified.md
privacy.disable-feedback-notifications,Microsoft Feedback Notifications,Windows can occasionally show prompts asking for feedback. This policy decides whether those feedback questions appear on the device.,Medium,Privacy,Registry,research/records/privacy.disable-feedback-notifications.json,Docs/privacy/privacy-verified.md
privacy.disable-file-history,File History,File History is Windows' built-in feature for making regular automatic backups of personal files. This policy decides whether File History can be turned on.,Medium,Privacy,Registry,research/records/privacy.disable-file-history.json,Docs/privacy/privacy-verified.md
privacy.disable-find-my-device,Disable Find My Device,Stops Windows from registering this PC with Find My Device and keeps location-based recovery turned off.,Safe,Privacy,Command,engine/Tweaks/Commands/Privacy/DisableFindMyDeviceTweak.cs#L18,Docs/privacy/privacy-verified.md
privacy.disable-font-providers,Online Font Providers,"Windows can contact an online font provider to download font catalog data and, when needed, font data for rendering text. This policy decides whether that online font path is allowed.",Medium,Privacy,Registry,research/records/privacy.disable-font-providers.json,Docs/privacy/privacy-verified.md
privacy.disable-inking-typing-personalization,Disable Inking & Typing Personalization,Stops sending inking and typing data to Microsoft.,Advanced,Privacy,Registry,app/Services/TweakProviders/PrivacyTweakProvider.cs#L148,Docs/privacy/privacy-verified.md
privacy.disable-kms-activation-telemetry,KMS Client Online AVS Validation,Windows can send KMS client activation-state data to Microsoft during activation. This policy decides whether that data is sent automatically.,Medium,Privacy,Registry,research/records/privacy.disable-kms-activation-telemetry.json,Docs/privacy/privacy-verified.md
privacy.disable-language-list-access,Website Access to Language List,Windows can let websites use your language list to show locally relevant content. This setting controls whether that language-list access is allowed.,Medium,Privacy,Registry,research/records/privacy.disable-language-list-access.review.json,Docs/privacy/privacy-verified.md
privacy.disable-local-security-questions,Security Questions for Local Accounts,Windows can let local-account users create security questions so they can reset their password later. This policy decides whether those security questions are allowed.,Medium,Privacy,Registry,research/records/privacy.disable-local-security-questions.json,Docs/privacy/privacy-verified.md
privacy.disable-location-consent,Disable Location Consent (Current User),This changes the current user's location permission state to deny access for packaged and desktop apps.,Medium,Privacy,Registry,research/records/privacy.disable-location-consent.review.json,Docs/privacy/privacy-verified.md
privacy.disable-location-consent-system,Location Consent Store (System),This changes the system-level location permission state to deny access.,Medium,Privacy,Registry,research/records/privacy.disable-location-consent-system.review.json,Docs/privacy/privacy-verified.md
privacy.disable-location-scripting,Location Scripting,Some scripts and apps can access Windows location features through scripting interfaces. This policy decides whether that scripting access is allowed.,Medium,Privacy,Registry,research/records/privacy.disable-location-scripting.json,Docs/privacy/privacy-verified.md
privacy.disable-location-services,Location Feature,Windows can provide location information to apps and system features. This policy decides whether the location feature is turned off for the computer.,Medium,Privacy,Registry,research/records/privacy.disable-location-services.json,Docs/privacy/privacy-verified.md
privacy.disable-mdm-enrollment,MDM Enrollment,Windows can allow the computer to enroll into a Mobile Device Management service for remote management. This policy decides whether new MDM enrollment is allowed.,Medium,Privacy,Registry,research/records/privacy.disable-mdm-enrollment.json,Docs/privacy/privacy-verified.md
privacy.disable-message-sync,Message Service Cloud Sync,Windows can back up and restore cellular text messages through Microsoft's cloud services. This policy decides whether that cloud sync is allowed on the device.,Medium,Privacy,Registry,research/records/privacy.disable-message-sync.json,Docs/privacy/privacy-verified.md
privacy.disable-offline-files,Disable Offline Files,"Disables Offline Files (CSC) via policy, services, tasks, and Sync Center.",Advanced,Privacy,Composite,app/Services/TweakProviders/PrivacyTweakProvider.cs#L201,Docs/privacy/privacy-verified.md
privacy.disable-offline-files.policy,Offline Files Feature Policy,Offline Files keeps local copies of network files so they can still be used when the computer is offline. This policy decides whether the feature is allowed at all.,Medium,Privacy,Registry,research/records/privacy.disable-offline-files.policy.json,Docs/privacy/privacy-verified.md
privacy.disable-onesettings-downloads,OneSettings Downloads,Windows can periodically connect to the OneSettings service to download configuration settings. This policy decides whether those download attempts happen.,Medium,Privacy,Registry,research/records/privacy.disable-onesettings-downloads.json,Docs/privacy/privacy-verified.md
privacy.disable-online-tips,Online Tips in Settings,The Settings app can contact Microsoft to retrieve tips and help content. This policy decides whether those online tips are allowed.,Medium,Privacy,Registry,research/records/privacy.disable-online-tips.json,Docs/privacy/privacy-verified.md
privacy.disable-pca-diagnostics.policy,Disable PCA Compatibility Diagnostics Detection,"Windows PCA watches for compatibility issues when you run applications and drivers, and can show warnings or suggest fixes. This policy controls whether that detection runs. Disabling it stops PCA from actively monitoring for compatibility problems - it does not disable PCA itself (that is controlled separately by DisablePCA).",Medium,Privacy,Registry,research/records/privacy.disable-pca-diagnostics.policy.review.json,Docs/privacy/privacy-verified.md
privacy.disable-phone-linking,Phone-PC Linking,"Windows can link the PC with a phone so reading, emailing, and similar tasks can continue across devices. This policy decides whether the PC can participate in that linking.",Medium,Privacy,Registry,research/records/privacy.disable-phone-linking.json,Docs/privacy/privacy-verified.md
privacy.disable-program-compatibility-assistant,Disable Program Compatibility Assistant,"Program Compatibility Assistant monitors applications and can suggest compatibility solutions when Windows detects install failures, runtime failures, or blocked drivers. This policy turns PCA off.",Medium,Privacy,Registry,research/records/privacy.disable-program-compatibility-assistant.review.json,Docs/privacy/privacy-verified.md
privacy.disable-recall,Recall Snapshot Saving,Recall can save snapshots of what you have seen on the screen so you can search and revisit it later. This policy decides whether those snapshots can be saved for the signed-in user.,Medium,Privacy,Registry,research/records/privacy.disable-recall.json,Docs/privacy/privacy-verified.md
privacy.disable-resume,Disable Resume for Current User,Resume lets you start on one device and continue on this PC. This tweak turns off that current-user Resume setting.,Medium,Privacy,Registry,research/records/privacy.disable-resume.json,Docs/privacy/privacy-verified.md
privacy.disable-rsop-logging,Resultant Set of Policy Logging,"RSoP logging records which Group Policy settings were applied to the PC. Some people turn it off to reduce policy logging, while administrators often keep it on for troubleshooting and auditing.",Medium,Privacy,Registry,research/records/privacy.disable-rsop-logging.json,Docs/privacy/privacy-verified.md
privacy.disable-search-box-suggestions,File Explorer Search Box Suggestions,"File Explorer can show suggestion pop-ups as you type into its search box, based on past search entries. This policy decides whether those suggestions are available.",Medium,Privacy,Registry,research/records/privacy.disable-search-box-suggestions.json,Docs/privacy/privacy-verified.md
privacy.disable-search-history,Search History Storage and Display,Windows can remember previous search queries and use them to suggest searches later. This policy decides whether that search history is stored and shown for the current user.,Medium,Privacy,Registry,research/records/privacy.disable-search-history.json,Docs/privacy/privacy-verified.md
privacy.disable-sensors,Windows Sensors,"Windows can use hardware sensors such as orientation, ambient light, motion, or other environmental sensors. This policy decides whether sensors are allowed.",Medium,Privacy,Registry,research/records/privacy.disable-sensors.json,Docs/privacy/privacy-verified.md
privacy.disable-sleep-study-diagnostics,Disable Sleep Study Diagnostics,Disables sleep study diagnostic event channels.,Advanced,Privacy,Registry,app/Services/TweakProviders/PrivacyTweakProvider.cs#L102,Docs/privacy/privacy-verified.md
privacy.disable-steps-recorder,Steps Recorder,Steps Recorder can capture user actions and screenshots to help explain a problem. This policy decides whether the feature is available.,Medium,Privacy,Registry,research/records/privacy.disable-steps-recorder.json,Docs/privacy/privacy-verified.md
privacy.disable-suggestions,Disable Suggestions & Tips,"Turns off Windows tips, welcome experiences, and Settings recommendations.",Safe,Privacy,Registry,app/Services/TweakProviders/PrivacyTweakProvider.cs#L288,Docs/privacy/privacy-verified.md
privacy.disable-suggestions-cdm,Disable Content Delivery Manager Suggestions,Disables various suggestions and auto-installed apps from the Content Delivery Manager.,Safe,Privacy,Registry,app/Services/TweakProviders/PrivacyTweakProvider.cs#L131,Docs/privacy/privacy-verified.md
privacy.disable-suggestions.policy,Windows Suggestion Surfaces Policy Group,"Windows uses Spotlight-like suggestion surfaces in Start, Settings, and the Windows Welcome experience. These policies control those official suggestion surfaces.",Medium,Privacy,Registry,research/records/privacy.disable-suggestions.policy.review.json,Docs/privacy/privacy-verified.md
privacy.disable-switchback.policy,Disable SwitchBack Compatibility Policy,"SwitchBack is a Windows compatibility feature that lets newer applications receive compatibility fixes originally designed for older OS versions. On a modern Windows 11 system running only current software, this feature usually has no practical effect. This policy disables it.",Medium,Privacy,Registry,research/records/privacy.disable-switchback.policy.review.json,Docs/privacy/privacy-verified.md
privacy.disable-telemetry-change-notifications,Diagnostic Data Change Notifications,Windows can notify the user when the diagnostic-data opt-in setting changes. This policy decides whether those notifications are shown.,Medium,Privacy,Registry,research/records/privacy.disable-telemetry-change-notifications.json,Docs/privacy/privacy-verified.md
privacy.disable-telemetry-optin-ui,Diagnostic Data Opt-In Settings UI,Windows can show controls in Settings that let a user change diagnostic data choices. This policy decides whether that Settings UI stays available.,Medium,Privacy,Registry,research/records/privacy.disable-telemetry-optin-ui.json,Docs/privacy/privacy-verified.md
privacy.disable-wer,Windows Error Reporting,Windows Error Reporting can send information about crashes and failures so Microsoft or an internal server can analyze them. This policy turns that reporting off for the device.,Medium,Privacy,Registry,research/records/privacy.disable-wer.json,Docs/privacy/privacy-verified.md
privacy.disable-windows-location-provider,Windows Location Provider,Windows has a built-in location provider that apps and system features can use. This policy decides whether that provider is available.,Medium,Privacy,Registry,research/records/privacy.disable-windows-location-provider.json,Docs/privacy/privacy-verified.md
privacy.disable-windows-tips,Turn Off Windows Tips,Windows can show popups and onboarding tips that explain features and suggest ways to use the system. People often turn them off when they want a quieter desktop experience.,Medium,Privacy,Registry,research/records/privacy.disable-windows-tips.review.json,Docs/privacy/privacy-verified.md
privacy.disable-wmplayer-telemetry,Disable Windows Media Player Telemetry,Turns off usage tracking and online metadata for Windows Media Player.,Advanced,Privacy,Registry,app/Services/TweakProviders/PrivacyTweakProvider.cs#L266,Docs/privacy/privacy-verified.md
privacy.hide-last-logged-in-user,Display of the Last Signed-In Username,Windows can show the name of the last person who signed in on the sign-in screen. This setting decides whether that username is shown or hidden.,Medium,Privacy,Registry,research/records/privacy.hide-last-logged-in-user.json,Docs/privacy/privacy-verified.md
privacy.hide-recommended-personalized-sites,Start Personalized Site Recommendations,Windows 11 Start can surface personalized website suggestions. This device policy hides those recommendations for everyone on the machine.,Medium,Privacy,Registry,research/records/privacy.hide-recommended-personalized-sites.json,Docs/privacy/privacy-verified.md
privacy.hide-recommended-personalized-sites-user,Start Personalized Site Recommendations (Current User),Windows 11 Start can surface personalized website suggestions. This user policy hides those recommendations just for the current account.,Medium,Privacy,Registry,research/records/privacy.hide-recommended-personalized-sites-user.json,Docs/privacy/privacy-verified.md
privacy.hide-recommended-section,Start Menu Recommended Section,Windows 11 Start can show a Recommended section with suggested apps and files. This policy lets the device hide that section for everyone.,Medium,Privacy,Registry,research/records/privacy.hide-recommended-section.json,Docs/privacy/privacy-verified.md
privacy.hide-recommended-section-user,Start Menu Recommended Section (Current User),Windows 11 Start can show a Recommended section with suggested apps and files. This user policy hides that section just for the current account.,Medium,Privacy,Registry,research/records/privacy.hide-recommended-section-user.json,Docs/privacy/privacy-verified.md
privacy.hide-username-at-signin,Display of Username During Sign-In,"After someone enters their credentials, Windows can keep showing the username or hide it. This setting decides whether the username stays visible during that sign-in flow.",Medium,Privacy,Registry,research/records/privacy.hide-username-at-signin.json,Docs/privacy/privacy-verified.md
privacy.limit-diagnostic-log-collection,Advanced Diagnostic Log Collection,Windows can collect extra diagnostic logs when advanced diagnostics are involved. This policy decides whether that additional log collection is limited.,Medium,Privacy,Registry,research/records/privacy.limit-diagnostic-log-collection.json,Docs/privacy/privacy-verified.md
privacy.limit-dump-collection,Diagnostic Dump Collection,Windows can collect diagnostic dump data for troubleshooting. This policy decides whether that dump collection is limited.,Medium,Privacy,Registry,research/records/privacy.limit-dump-collection.json,Docs/privacy/privacy-verified.md
privacy.set-diagnostic-data-to-minimum-supported-level,Set Diagnostic Data to Minimum Supported Level,Windows can send different amounts of diagnostic data. This policy sets how much data Windows is allowed to collect and send.,Medium,Privacy,Registry,research/records/privacy.set-diagnostic-data-to-minimum-supported-level.review.json,Docs/privacy/privacy-verified.md
privacy.troubleshooter-dont-run,Recommended Troubleshooting for Known Problems,Windows can automatically apply or suggest troubleshooting for known problems. This policy controls how much of that automation is allowed.,Medium,Privacy,Registry,research/records/privacy.troubleshooter-dont-run.review.json,Docs/privacy/privacy-verified.md
privacy.turn-off-sync-by-default-allow-user-override,Turn Off Settings Sync by Default,"Windows can sync settings like passwords, personalization, app settings, browser settings, and Start layout across devices. These policies control whether those categories are synced and whether users are allowed to turn syncing back on.",Medium,Privacy,Registry,research/records/privacy.turn-off-sync-by-default-allow-user-override.review.json,Docs/privacy/privacy-verified.md
security.disable-defender-sample-submission,Microsoft Defender Sample Submission,"Microsoft Defender can send file samples to Microsoft when cloud analysis needs them. This policy controls whether Defender prompts, sends safe samples, never sends, or sends all samples automatically.",Medium,Security,Registry,research/records/security.disable-defender-sample-submission.review.json,Docs/security/security-verified.md
security.disable-downloads-blocking,Preserve Zone Information on Attachments,"Windows normally tags downloaded files with where they came from, like the Internet or intranet. That information helps Windows decide when to warn or protect you. This policy controls whether that tagging happens.",Medium,Security,Registry,research/records/security.disable-downloads-blocking.json,Docs/security/security-verified.md
security.disable-enhanced-defender-notifications,Windows Security Enhanced Notifications,Windows Security can show non-critical notifications about device health and protection status. This policy hides those extra notifications so only critical ones remain.,Medium,Security,Registry,research/records/security.disable-enhanced-defender-notifications.review.json,Docs/security/security-verified.md
security.disable-ntfs-encryption,Disable NTFS Encryption (EFS),Windows can encrypt files on NTFS volumes by using EFS. This policy decides whether that encryption feature is allowed on NTFS volumes.,Medium,Security,Registry,research/records/security.disable-ntfs-encryption.json,Docs/security/security-verified.md
security.disable-p2p-updates,Delivery Optimization Download Mode,Delivery Optimization controls whether Windows uses other PCs to help download updates and Microsoft content. This policy sets how much peer-to-peer sharing Delivery Optimization is allowed to use.,Medium,Security,Registry,research/records/security.disable-p2p-updates.review.json,Docs/security/security-verified.md
security.disable-password-reveal,Password Reveal Button,Windows can show an eye button next to password boxes so people can quickly check what they typed. This policy decides whether that button appears.,Medium,Security,Registry,research/records/security.disable-password-reveal.json,Docs/security/security-verified.md
security.disable-picture-password,Picture Password Sign-In for Domain Users,Picture password lets someone sign in by tapping or drawing gestures on an image. This policy controls whether domain users are allowed to use that sign-in method.,Medium,Security,Registry,research/records/security.disable-picture-password.json,Docs/security/security-verified.md
security.disable-remote-assistance,Solicited Remote Assistance,Remote Assistance lets a user invite someone to help with the PC remotely. This policy decides whether that built-in help feature is allowed.,Medium,Security,Registry,research/records/security.disable-remote-assistance.json,Docs/security/security-verified.md
security.disable-system-mitigations,Disable System Mitigations,Imports the documented Exploit Protection XML baseline that disables the researched system-wide mitigation bundle.,Risky,Security,Command,engine/Tweaks/Commands/Security/DisableSystemMitigationsTweak.cs#L34,Docs/security/security-verified.md
security.disable-system-restore,Turn Off System Restore,System Restore lets Windows roll the system back to an earlier state after problems. This policy turns that recovery feature off.,Medium,Security,Registry,research/records/security.disable-system-restore.review.json,Docs/security/security-verified.md
security.disable-uac,Disable UAC (Full),Disables User Account Control entirely. Requires a reboot and severely lowers system security.,Risky,Security,Command,engine/Tweaks/Commands/Security/DisableUacFullTweak.cs#L18,Docs/security/security-verified.md
security.disable-vbs,Virtualization Based Security Policy Bundle,These Windows security features use virtualization to protect credentials and kernel integrity. This policy bundle turns those protections off.,Medium,Security,Registry,research/records/security.disable-vbs.json,Docs/security/security-verified.md
security.disable-windows-firewall,Windows Defender Firewall Policy,Windows Defender Firewall protects the PC's network connections. The official policy can force the firewall on or off for managed profiles.,Medium,Security,Registry,research/records/security.disable-windows-firewall.review.json,Docs/security/security-verified.md
security.disable-windows-update.policy,Windows Update Policy Control,These policies control whether Windows Update access is removed and whether automatic updates are prohibited.,Medium,Security,Registry,research/records/security.disable-windows-update.policy.review.json,Docs/security/security-verified.md
security.disable-wpbt,Disable WPBT Execution,"WPBT lets vendors and OEMs run a program from firmware during Windows startup. This tweak currently relies on a Session Manager registry value that is widely cited in community hardening material, but this research pass did not capture a primary Microsoft document that publishes that exact registry mapping.",Medium,Security,Registry,research/records/security.disable-wpbt.review.json,Docs/security/security-verified.md
security.disable-wu-driver-updates,Windows Update Driver Search Policy,"When Windows needs a device driver, it can search Windows Update for one. These policies control whether that search is allowed and, if it is, when it happens.",Medium,Security,Registry,research/records/security.disable-wu-driver-updates.json,Docs/security/security-verified.md
security.enable-defender-maps-advanced-membership,Microsoft Defender MAPS Membership,Microsoft Defender can join Microsoft MAPS so the service can use cloud lookup and share more threat data with Microsoft.,Medium,Security,Registry,research/records/security.enable-defender-maps-advanced-membership.review.json,Docs/security/security-verified.md
security.enable-dynamic-lock,Dynamic Lock,"Dynamic Lock can automatically lock the PC when Windows decides the user is away, often based on Bluetooth signals.",Medium,Security,Registry,research/records/security.enable-dynamic-lock.json,Docs/security/security-verified.md
security.enable-sudo,Windows Sudo Mode Policy,"Windows sudo lets elevated commands run from the command line. This policy decides whether sudo is allowed and, if it is, which interaction mode is the most permissive one users can use.",Medium,Security,Registry,research/records/security.enable-sudo.json,Docs/security/security-verified.md
security.hide-defender-exclusions-from-local-admins,Hide Defender Exclusions From Local Admins,Defender can keep managed exclusions in effect but stop local admins from seeing them in the usual Defender admin surfaces.,Medium,Security,Registry,research/records/security.hide-defender-exclusions-from-local-admins.review.json,Docs/security/security-verified.md
security.powershell-unrestricted,Windows PowerShell Script Execution Policy,"PowerShell can be configured to block scripts, allow only signed scripts, or allow all scripts. The official policy uses a Group Policy path to control that behavior.",Medium,Security,Registry,research/records/security.powershell-unrestricted.review.json,Docs/security/security-verified.md
security.threat-file-hash-logging,Microsoft Defender Threat File Hash Logging,"Defender can compute and log file hashes for some file-based detections, but the current 25H2 engine still exposes more than one registry surface for the setting.",Medium,Security,Registry,research/records/security.threat-file-hash-logging.review.json,Docs/security/security-verified.md
security.trusted-path-credential-prompting,Trusted Path for Credential Entry,This setting controls whether certain Windows credential prompts must happen on the Secure Desktop instead of inside the normal desktop session.,Medium,Security,Registry,research/records/security.trusted-path-credential-prompting.review.json,Docs/security/security-verified.md
security.uac-never-notify,User Account Control Prompting Profile,These settings control whether Windows asks administrators before elevated actions and whether those prompts appear on the Secure Desktop.,Medium,Security,Registry,research/records/security.uac-never-notify.json,Docs/security/security-verified.md
system.aero-shake,Aero Shake Window Minimizing Gesture,Aero Shake is the gesture where you grab a window and shake it to minimize or restore other windows. This policy decides whether that gesture works for the current user.,High,System,Registry,research/records/system.aero-shake.json,Docs/system/system.md
system.bsod-disable-auto-reboot,Automatic Restart on System Failure,Windows can automatically restart the PC after a blue screen. Turning that off gives you time to see the crash screen and stop code before the machine reboots.,High,System,Registry,research/records/system.bsod-disable-auto-reboot.json,Docs/system/system.md
system.bsod-display-parameters,Display Blue Screen Parameters,"This tweak tries to show extra technical parameters on a blue screen. That can help advanced debugging, but most users will not benefit from the extra numbers.",High,System,Registry,research/records/system.bsod-display-parameters.review.json,Docs/system/system.md
system.disable-app-archiving,Automatic App Archiving,Windows can archive infrequently used apps to save space while keeping them restorable later. This policy decides whether that automatic archiving is allowed on the device.,High,System,Registry,research/records/system.disable-app-archiving.json,Docs/system/system.md
system.disable-auto-maintenance,Automatic Maintenance,"Automatic Maintenance runs maintenance work like updates, scans, and housekeeping when Windows thinks the PC is idle. People disable it when they want tighter control over when maintenance runs.",High,System,Registry,research/records/system.disable-auto-maintenance.review.json,Docs/system/system.md
system.disable-background-gp-updates,Background Group Policy Refresh,Windows normally refreshes Group Policy in the background while the system is being used. This policy lets the device wait until logoff before applying those updates.,High,System,Registry,research/records/system.disable-background-gp-updates.json,Docs/system/system.md
system.disable-clipboard-history,Clipboard History and Cross-Device Clipboard Sync,Windows can keep a history of copied items and can sync clipboard data across devices. These two policy values decide whether those features are allowed.,High,System,Registry,research/records/system.disable-clipboard-history.json,Docs/system/system.md
system.disable-clipboard-redirection,RDP Clipboard Redirection,Remote Desktop can let text and files move between your local clipboard and the remote machine. This policy controls whether that copy and paste bridge is allowed.,High,System,Registry,research/records/system.disable-clipboard-redirection.json,Docs/system/system.md
system.disable-fullscreen-optimizations,Fullscreen Optimizations,Fullscreen Optimizations is a Windows feature that tries to blend fullscreen-style game performance with some modern desktop and presentation behavior. People usually turn it off only when a specific game behaves badly with it.,High,System,Registry,research/records/system.disable-fullscreen-optimizations.review.json,Docs/system/system.md
system.disable-game-recording-broadcasting,Windows Game Recording and Broadcasting,Windows includes built-in game recording and broadcasting features. This policy decides whether those features are allowed on the device.,High,System,Registry,research/records/system.disable-game-recording-broadcasting.json,Docs/system/system.md
system.disable-jpeg-reduction,Wallpaper JPEG Import Quality,Windows can reduce the quality of JPEG images when you set them as wallpaper. People change this when they want the wallpaper to stay as sharp as possible.,High,System,Registry,research/records/system.disable-jpeg-reduction.review.json,Docs/system/system.md
system.disable-restartable-apps,Restart Apps After Sign-In,Windows can automatically save certain restartable apps and reopen them after you sign back in. People turn it off when they want a cleaner sign-in and do not want apps reopening on their own.,High,System,Registry,research/records/system.disable-restartable-apps.review.json,Docs/system/system.md
system.disable-scheduled-tasks,Telemetry and Maintenance Scheduled Tasks Bundle,"This tweak turns off several Windows scheduled tasks related to compatibility, telemetry, cleanup, feedback, and error-reporting areas.",High,System,Registry,research/records/system.disable-scheduled-tasks.review.json,Docs/system/system.md
system.disable-search-highlights-policy,Search Highlights,"Search Highlights are the dynamic bits Windows shows in the search area, such as seasonal or suggested content. This policy decides whether those highlights are allowed.",High,System,Registry,research/records/system.disable-search-highlights-policy.json,Docs/system/system.md
system.disable-search-remote-queries,Remote Windows Search Queries,Windows Search can let other computers query this PC's search index over the network. This policy decides whether that remote index use is allowed.,High,System,Registry,research/records/system.disable-search-remote-queries.json,Docs/system/system.md
system.disable-search-web-results,Web Results in Windows Search,Windows Search can send queries to the web and show web results in the search experience. This policy decides whether that web-connected behavior is allowed.,High,System,Registry,research/records/system.disable-search-web-results.review.json,Docs/system/system.md
system.disable-service-splitting,Disable Service Splitting,Prevents services from being split into separate svchost processes.,Advanced,System,Registry,app/Services/TweakProviders/SystemTweakProvider.cs#L22,Docs/system/system.md
system.disable-shortcut-arrow,Shortcut Arrow Overlay,Windows normally shows a small arrow on shortcut icons. This setting swaps that overlay resource so the arrow is no longer shown.,High,System,Registry,research/records/system.disable-shortcut-arrow.json,Docs/system/system.md
system.disable-startup-delay,Startup Program Delay,"Windows can stagger startup apps instead of launching them all immediately. People disable the delay when they want those apps to start sooner after sign-in, but that can also make startup load spike harder.",High,System,Registry,research/records/system.disable-startup-delay.review.json,Docs/system/system.md
system.disable-storage-sense,Storage Sense Automatic Cleanup,Storage Sense is Windows' automatic cleanup feature for temporary and unneeded files. This policy decides whether the feature is allowed at all on the device.,High,System,Registry,research/records/system.disable-storage-sense.json,Docs/system/system.md
system.disable-storage-sense-temp-cleanup,Storage Sense Temporary Files Cleanup,Storage Sense can automatically clean temporary files when Windows decides it is helpful. This policy controls that specific part of the cleanup behavior.,High,System,Registry,research/records/system.disable-storage-sense-temp-cleanup.json,Docs/system/system.md
system.disable-store-open-with,Store in Open With,"When Windows cannot find an app for a file type, it can offer a Store-based option in the Open With dialog. This policy decides whether that Store option is available.",High,System,Registry,research/records/system.disable-store-open-with.json,Docs/system/system.md
system.dwm-disable-mpo,DWM: Disable Multiplane Overlay (MPO),Disables MPO to avoid flicker or driver issues on some systems.,Advanced,System,Registry,app/Services/TweakProviders/SystemRegistryTweakProvider.cs#L140,Docs/system/system.md
system.dwm-disable-overlay-min-fps,DWM Overlay Minimum FPS Check,"Windows can use hardware overlays for some content, and one of the checks looks at how fast the surface is animating. This setting turns that minimum-FPS check off.",High,System,Registry,research/records/system.dwm-disable-overlay-min-fps.json,Docs/system/system.md
system.enable-game-mode,Game Mode,Game Mode is Windows' built-in gaming feature that tries to reduce interruptions and prioritize the current game. Most users either leave it on or benchmark it for a specific game.,High,System,Registry,research/records/system.enable-game-mode.review.json,Docs/system/system.md
system.enable-hags,Hardware-Accelerated GPU Scheduling,"HAGS is a Windows graphics feature that lets the GPU take a more direct role in scheduling its work. It can help on some systems, but it can also make no noticeable difference or cause issues on others.",High,System,Registry,research/records/system.enable-hags.review.json,Docs/system/system.md
system.enable-indexing-encrypted-items,Indexing of Encrypted Files,"Windows Search can be told to index encrypted files so their contents are searchable. That can make searching easier, but it also means Windows needs to process decrypted content during indexing.",High,System,Registry,research/records/system.enable-indexing-encrypted-items.json,Docs/system/system.md
system.executive-additional-worker-threads,Executive Additional Worker Threads,These values appear to control extra executive worker threads for internal critical and delayed work queues. They are low-level kernel-adjacent knobs and are being tracked as research only.,High,System,Registry,research/records/system.executive-additional-worker-threads.json,Docs/system/system.md
system.graphics-disable-overlays,Graphics: Disable Overlay Planes,Disables overlay planes to reduce composition issues in some configurations.,Advanced,System,Registry,app/Services/TweakProviders/SystemRegistryTweakProvider.cs#L127,Docs/system/system.md
system.graphics-page-fault-debug-mode,Graphics: Page Fault Debug Mode,Restores the PageFaultDebugMode value to the documented default used by this tweak.,Advanced,System,Registry,app/Services/TweakProviders/SystemRegistryTweakProvider.cs#L152,Docs/system/system.md
system.graphics-tdr-ddi-delay,Graphics TDR DDI Delay,Windows gives graphics-driver threads a limited amount of time to leave the driver during TDR recovery. This setting controls that delay.,High,System,Registry,research/records/system.graphics-tdr-ddi-delay.json,Docs/system/system.md
system.graphics-tdr-delay,Graphics TDR Delay,Windows uses TDR to detect when the GPU takes too long to respond. This setting controls the main timeout threshold before recovery starts.,High,System,Registry,research/records/system.graphics-tdr-delay.json,Docs/system/system.md
system.graphics-tdr-level,Graphics TDR Level,"Windows can react to GPU timeouts in different ways, such as disabling detection or recovering on timeout. This setting controls that recovery mode.",High,System,Registry,research/records/system.graphics-tdr-level.json,Docs/system/system.md
system.graphics-tdr-limit-count,Graphics TDR Limit Count,Windows keeps track of how many GPU hangs occur within the TDR time window. This setting controls that count threshold.,High,System,Registry,research/records/system.graphics-tdr-limit-count.json,Docs/system/system.md
system.graphics-tdr-limit-time,Graphics TDR Limit Time,Windows measures GPU hang events within a time window when deciding how to respond to repeated timeouts. This setting controls that time window.,High,System,Registry,research/records/system.graphics-tdr-limit-time.json,Docs/system/system.md
system.kernel-adjust-dpc-threshold,Kernel: Adjust DPC Threshold,Sets the DPC threshold adjustment value to the documented default.,Advanced,System,Registry,app/Services/TweakProviders/SystemRegistryTweakProvider.cs#L18,Docs/system/system.md
system.kernel-cache-aware-scheduling,Kernel: Cache-Aware Scheduling,Restores Windows' documented cache-aware scheduling default so the scheduler stays aligned with normal CPU cache topology behavior.,Advanced,System,Registry,app/Services/TweakProviders/SystemRegistryTweakProvider.cs#L90,Docs/system/system.md
system.kernel-default-dynamic-hetero-cpu-policy,Kernel: Default Dynamic Hetero CPU Policy,Returns Windows' hybrid CPU scheduling policy to the documented default used for heterogeneous core systems.,Advanced,System,Registry,app/Services/TweakProviders/SystemRegistryTweakProvider.cs#L102,Docs/system/system.md
system.kernel-disable-low-qos-timer-resolution,Kernel: Disable Low QoS Timer Resolution,Disables low QoS timer resolution using the documented default value.,Advanced,System,Registry,app/Services/TweakProviders/SystemRegistryTweakProvider.cs#L114,Docs/system/system.md
system.kernel-dpc-queue-depth,Kernel: DPC Queue Depth,Sets the maximum DPC queue depth to the documented default.,Advanced,System,Registry,app/Services/TweakProviders/SystemRegistryTweakProvider.cs#L54,Docs/system/system.md
system.kernel-dpc-watchdog-period,Kernel: DPC Watchdog Period,Sets the DPC watchdog timeout to the documented default (milliseconds).,Advanced,System,Registry,app/Services/TweakProviders/SystemRegistryTweakProvider.cs#L66,Docs/system/system.md
system.kernel-ideal-dpc-rate,Kernel: Ideal DPC Rate,Sets the target DPC rate per second to the documented default.,Advanced,System,Registry,app/Services/TweakProviders/SystemRegistryTweakProvider.cs#L30,Docs/system/system.md
system.kernel-minimum-dpc-rate,Kernel: Minimum DPC Rate,Sets the minimum DPC rate threshold to the documented default.,Advanced,System,Registry,app/Services/TweakProviders/SystemRegistryTweakProvider.cs#L42,Docs/system/system.md
system.kernel-serialize-timer-expiration,Kernel: Serialize Timer Expiration,Enables timer serialization using the documented default value.,Advanced,System,Registry,app/Services/TweakProviders/SystemRegistryTweakProvider.cs#L78,Docs/system/system.md
system.kernel-thread-dpc-enable,Threaded DPCs,Threaded DPCs let some kernel deferred work run in a way that can reduce system latency compared with ordinary DPCs. Most normal systems should leave this enabled.,High,System,Registry,research/records/system.kernel-thread-dpc-enable.json,Docs/system/system.md
system.kernel.disable-exception-chain-validation,Disable Exception Chain Validation,DisableExceptionChainValidation is a low-level Session Manager Kernel registry value tied to exception-chain policy handling during early boot.,High,System,Registry,research/records/system.kernel.disable-exception-chain-validation.json,Docs/system/system.md
system.memory-clear-pagefile-at-shutdown,Clear Page File at Shutdown,"Windows can wipe the page file when the PC shuts down. This can reduce leftover data on disk, but it also makes shutdown take longer.",High,System,Registry,research/records/system.memory-clear-pagefile-at-shutdown.json,Docs/system/system.md
system.memory-disable-paging-executive,Disable Paging Executive,This setting was used for older tracing and diagnosis scenarios to keep some kernel-mode code and drivers in RAM instead of letting Windows page them out to disk. Microsoft says Windows 8 and newer systems do not need this change.,High,System,Registry,research/records/system.memory-disable-paging-executive.json,Docs/system/system.md
system.memory-large-system-cache-client,Large System Cache,Windows historically had a switch between favoring normal applications and favoring a larger system cache. Most normal users should leave this alone on modern systems.,High,System,Registry,research/records/system.memory-large-system-cache-client.review.json,Docs/system/system.md
system.memory-nonpaged-pool-dynamic,Nonpaged Pool Size,Nonpaged pool is kernel memory that must always stay resident in RAM. This is a low-level legacy tuning area that normal users should not adjust manually.,High,System,Registry,research/records/system.memory-nonpaged-pool-dynamic.json,Docs/system/system.md
system.memory-paged-pool-dynamic,Paged Pool Size,Paged pool is kernel memory that Windows can page out when needed. This is a legacy low-level memory tuning area that most people should never touch manually.,High,System,Registry,research/records/system.memory-paged-pool-dynamic.json,Docs/system/system.md
system.memory-registry-quota-default,Registry Size Limit / Registry Quota,"Windows historically exposed a registry size limit tied to paged-pool memory. Modern systems normally manage this automatically, so the safest reset is to return the published control to automatic sizing.",High,System,Registry,research/records/system.memory-registry-quota-default.review.json,Docs/system/system.md
system.ntfs-disable-8dot3,NTFS 8.3 Short Name Creation,"NTFS can create old-style short file names for compatibility. Disabling them can reduce some filesystem overhead, but some legacy software still expects those short names to exist.",High,System,Registry,research/records/system.ntfs-disable-8dot3.json,Docs/system/system.md
system.ntfs-disable-last-access,NTFS Last Access Time Updates,"Windows can update a file or directory's last-access timestamp when it is accessed. Disabling these updates can reduce some disk overhead, but software that depends on last-access data can lose that signal.",High,System,Registry,research/records/system.ntfs-disable-last-access.json,Docs/system/system.md
system.ntfs-enable-long-paths,Win32 Long Paths,Windows normally keeps many apps limited to shorter file paths. This setting allows long paths for apps that are built to support them.,High,System,Registry,research/records/system.ntfs-enable-long-paths.json,Docs/system/system.md
system.ntfs-reset-memory-usage,NTFS Memory Usage,NTFS has an internal memory-usage tuning that affects its cache behavior. Most people should leave it at the default unless they have a proven file-server style workload.,High,System,Registry,research/records/system.ntfs-reset-memory-usage.json,Docs/system/system.md
system.ntfs-reset-mft-zone,NTFS MFT Zone Reservation,NTFS reserves some space for the master file table so it can grow with less fragmentation. This setting controls how large that reserved area is.,High,System,Registry,research/records/system.ntfs-reset-mft-zone.json,Docs/system/system.md
system.priority-control,Foreground Scheduling Priority / Win32PrioritySeparation,"This setting changes how Windows gives extra CPU time to the foreground application compared with background work. It is a low-level scheduler setting, not a normal everyday tweak.",High,System,Registry,research/records/system.priority-control.review.json,Docs/system/system.md
system.reliability-timestamp-enabled,Reliability Event Timestamping,Windows can timestamp reliability events on a cadence. This setting controls whether that timestamping behavior runs for the machine.,High,System,Registry,research/records/system.reliability-timestamp-enabled.review.json,Docs/system/system.md
system.services.disable-bluetooth-audio-gateway,Bluetooth Audio Gateway Service,This service supports Bluetooth hands-free audio gateway features. Disabling it removes that capability.,High,System,Registry,research/records/system.services.disable-bluetooth-audio-gateway.json,Docs/system/system.md
system.services.disable-bluetooth-support,Bluetooth Support Service,"This is the main Windows Bluetooth support service. It helps Windows discover, pair, and work with Bluetooth devices.",High,System,Registry,research/records/system.services.disable-bluetooth-support.json,Docs/system/system.md
system.services.disable-bluetooth-user-service,Bluetooth User Service,This per-user Bluetooth service supports Bluetooth features tied to each signed-in user session. Disabling it removes those per-user Bluetooth service behaviors.,High,System,Registry,research/records/system.services.disable-bluetooth-user-service.json,Docs/system/system.md
system.services.disable-connected-user-experiences,Connected User Experiences and Telemetry Service,"This service handles Windows telemetry and connected-user-experience data collection. Disabling it reduces diagnostic and usage reporting, but some connected-experience features can lose functionality.",High,System,Registry,research/records/system.services.disable-connected-user-experiences.json,Docs/system/system.md
system.services.disable-print-device-configuration,Print Device Configuration Service,This service manages installation details for IPP and UP printers. Disabling it can stop that printer-installation support.,High,System,Registry,research/records/system.services.disable-print-device-configuration.json,Docs/system/system.md
system.services.disable-print-notifications,Print Notification Service,This service opens custom printer dialogs and handles printer notifications. Disabling it removes those printer notifications and related extension dialogs.,High,System,Registry,research/records/system.services.disable-print-notifications.json,Docs/system/system.md
system.services.disable-print-scan-broker,Print Scan Broker Service,This service supports secure privileged operations needed by the lower-privilege print spooler components. Disabling it removes that support path.,High,System,Registry,research/records/system.services.disable-print-scan-broker.json,Docs/system/system.md
system.services.disable-print-spooler,Print Spooler Service,Print Spooler handles print jobs and manages interaction with printers. Disabling it removes Windows printing support on the device.,High,System,Registry,research/records/system.services.disable-print-spooler.json,Docs/system/system.md
system.services.disable-print-workflow-user-service,Print Workflow User Service,This per-user service supports Print Workflow applications. Disabling it can stop those print workflow features and may prevent some printing scenarios from working correctly.,High,System,Registry,research/records/system.services.disable-print-workflow-user-service.json,Docs/system/system.md
system.services.disable-sysmain,SysMain Service,SysMain is Microsoft's documented background service for usage-pattern and preloading behavior. The record is deprecated because Microsoft guidance says not to disable it.,High,System,Registry,research/records/system.services.disable-sysmain.review.json,Docs/system/system.md
system.services.disable-wap-push-routing,WAP Push Message Routing Service,This service routes Wireless Application Protocol push messages and helps synchronize some device-management sessions.,High,System,Registry,research/records/system.services.disable-wap-push-routing.review.json,Docs/system/system.md
system.services.disable-windows-error-reporting,Windows Error Reporting Service,Windows Error Reporting collects crash and failure details so Windows can report problems and sometimes suggest or surface fixes.,High,System,Registry,research/records/system.services.disable-windows-error-reporting.review.json,Docs/system/system.md
system.services.disable-windows-search,Windows Search Service,"Windows Search builds and maintains an index so file, email, and content searches can return indexed results without a full content crawl. Disabling it reduces indexing activity, but it also removes the indexed search experience.",High,System,Registry,research/records/system.services.disable-windows-search.json,Docs/system/system.md
system.verbose-status-messages,Verbose Status Messages,"Windows can either show simple loading screens or more detailed status text during startup, shutdown, sign-in, and sign-out. This policy decides whether the detailed messages are shown.",High,System,Registry,research/records/system.verbose-status-messages.json,Docs/system/system.md
system.wait-to-kill-service-timeout,Service Shutdown Timeout,"Windows waits a set amount of time for a service to stop cleanly during shutdown. Lowering that timeout reduces how long Windows waits, but it also gives services less time to flush state and clean up.",High,System,Registry,research/records/system.wait-to-kill-service-timeout.review.json,Docs/system/system.md
visibility.default-account-picture,Default Account Picture for All Users,Windows normally lets each user choose their own account picture. This policy forces every user on the device to use the default account picture instead.,Medium,Visibility,Registry,research/records/visibility.default-account-picture.json,Docs/visibility/visibility.md
visibility.disable-acrylic-logon,Acrylic Blur on the Logon Background,Windows can blur the logon background with an acrylic effect. This policy decides whether that blur is turned off so the background stays clear.,Medium,Visibility,Registry,research/records/visibility.disable-acrylic-logon.json,Docs/visibility/visibility.md
visibility.disable-common-control-animations,Common Control and Window Animations,Windows can animate common controls and some window transitions. This policy decides whether those animations are turned off for the current user.,Medium,Visibility,Registry,research/records/visibility.disable-common-control-animations.json,Docs/visibility/visibility.md
visibility.disable-first-signin-animation,First Sign-In Animation,"Windows can show a first sign-in animation and, for Microsoft-account users, an opt-in prompt for services the first time someone signs in. This policy decides whether that first-run experience is shown.",Medium,Visibility,Registry,research/records/visibility.disable-first-signin-animation.json,Docs/visibility/visibility.md
visibility.disable-lock-screen,Lock Screen,Windows normally shows a lock screen before the sign-in screen. This policy decides whether that lock screen appears.,Medium,Visibility,Registry,research/records/visibility.disable-lock-screen.json,Docs/visibility/visibility.md
visibility.disable-lock-screen-camera,Lock Screen Camera Access,Windows can allow a camera to be used directly from the lock screen. This policy decides whether that lock-screen camera access can be enabled.,Medium,Visibility,Registry,research/records/visibility.disable-lock-screen-camera.json,Docs/visibility/visibility.md
visibility.disable-lock-screen-changes,Changing the Lock Screen and Logon Image,Windows normally lets users change the lock-screen and logon background image. This policy decides whether users are allowed to change those images.,Medium,Visibility,Registry,research/records/visibility.disable-lock-screen-changes.json,Docs/visibility/visibility.md
visibility.disable-lock-screen-motion,Lock Screen Background Motion,Some devices can show a subtle motion effect on the lock-screen background. This policy decides whether that motion is prevented.,Medium,Visibility,Registry,research/records/visibility.disable-lock-screen-motion.json,Docs/visibility/visibility.md
visibility.disable-lock-screen-slideshow,Lock Screen Slideshow,Windows can run a slideshow on the lock screen instead of always showing a single image. This policy decides whether users can use that slideshow feature.,Medium,Visibility,Registry,research/records/visibility.disable-lock-screen-slideshow.json,Docs/visibility/visibility.md
visibility.disable-spotlight-action-center,Windows Spotlight on Action Center,Windows can show Spotlight-driven suggestions or prompts in Action Center style notification surfaces. This policy decides whether that content is allowed for the current user.,Medium,Visibility,Registry,research/records/visibility.disable-spotlight-action-center.json,Docs/visibility/visibility.md
visibility.disable-spotlight-desktop-collection,Spotlight Collection on Desktop,Windows can offer a Spotlight collection option for desktop backgrounds. This policy decides whether that Spotlight wallpaper option is allowed for the current user.,Medium,Visibility,Registry,research/records/visibility.disable-spotlight-desktop-collection.json,Docs/visibility/visibility.md
visibility.disable-spotlight-features,Windows Spotlight Features,"Windows Spotlight powers various suggestions, tips, and promotional surfaces in Windows. This policy decides whether those Spotlight features are allowed for the current user.",Medium,Visibility,Registry,research/records/visibility.disable-spotlight-features.json,Docs/visibility/visibility.md
visibility.disable-spotlight-settings,Windows Spotlight on Settings,The Settings app can show Spotlight-based suggestions and highlights. This policy decides whether those Spotlight elements are allowed for the current user.,Medium,Visibility,Registry,research/records/visibility.disable-spotlight-settings.json,Docs/visibility/visibility.md
visibility.disable-spotlight-third-party,Third-Party Suggestions in Windows Spotlight,Windows Spotlight can include suggestions that point to third-party content or apps. This policy decides whether those suggestions are allowed for the current user.,Medium,Visibility,Registry,research/records/visibility.disable-spotlight-third-party.json,Docs/visibility/visibility.md
visibility.disable-spotlight-welcome,Windows Spotlight Welcome Experience,Windows can show a Spotlight-based welcome or introductory experience after updates or sign-in. This policy decides whether that welcome experience is allowed for the current user.,Medium,Visibility,Registry,research/records/visibility.disable-spotlight-welcome.json,Docs/visibility/visibility.md
visibility.disable-wcn-wizards,Windows Connect Now Wizards,Windows Connect Now is an older wizard-based way to help set up some wireless routers and wireless devices. This policy decides whether those wizards are available.,Medium,Visibility,Registry,research/records/visibility.disable-wcn-wizards.json,Docs/visibility/visibility.md
visibility.disable-widgets,Widgets Feature,"Windows Widgets can show a board with news, weather, and other feed content. This policy decides whether the Widgets feature is allowed on the device at all.",Medium,Visibility,Registry,research/records/visibility.disable-widgets.json,Docs/visibility/visibility.md
visibility.disable-window-animations,Window Animations,"Windows can animate windows when they open, close, minimize, and restore. This policy decides whether those window animations are allowed.",Medium,Visibility,Registry,research/records/visibility.disable-window-animations.json,Docs/visibility/visibility.md
visibility.force-classic-control-panel,Control Panel Default View,Control Panel can open in either category view or the classic icons view. This policy chooses which one opens by default for the user.,Medium,Visibility,Registry,research/records/visibility.force-classic-control-panel.json,Docs/visibility/visibility.md
visibility.hide-language-bar,Language Bar Visibility,The language bar shows keyboard or input-language controls. This tweak hides that UI for the current user.,Medium,Visibility,Registry,research/records/visibility.hide-language-bar.review.json,Docs/visibility/visibility.md
visibility.hide-most-used-apps,Start Menu Most Used List,"Windows can show a Most used list in Start to highlight apps you open often. This policy can force that list to be shown, hidden, or left under user control.",Medium,Visibility,Registry,research/records/visibility.hide-most-used-apps.json,Docs/visibility/visibility.md
visibility.hide-people-bar,People Bar on the Taskbar,Windows used to offer a People Bar icon on the taskbar for quick contact access. This policy decides whether that feature is shown for the current user.,Medium,Visibility,Registry,research/records/visibility.hide-people-bar.json,Docs/visibility/visibility.md
visibility.restore-classic-context-menu,Classic Context Menu on Windows 11,"Windows 11 normally shows the newer compact context menu. This tweak restores the older, fuller context menu style.",Medium,Visibility,Registry,research/records/visibility.restore-classic-context-menu.review.json,Docs/visibility/visibility.md
